s,label
https://flp.example.org/courts#scotus,Supreme Court
https://flp.example.org/courts#ca1,First Circuit
https://flp.example.org/courts#ca2,Second Circuit
https://flp.example.org/courts#ca3,Third Circuit
https://flp.example.org/courts#ca4,Fourth Circuit
https://flp.example.org/courts#ca5,Fifth Circuit
https://flp.example.org/courts#ca6,Sixth Circuit
https://flp.example.org/courts#ca7,Seventh Circuit
https://flp.example.org/courts#ca8,Eighth Circuit
https://flp.example.org/courts#ca9,Ninth Circuit
https://flp.example.org/courts#ca10,Tenth Circuit
https://flp.example.org/courts#ca11,Eleventh Circuit
https://flp.example.org/courts#cafc,Federal Circuit
https://flp.example.org/courts#bap1,First Circuit
https://flp.example.org/courts#bap2,Second Circuit
https://flp.example.org/courts#bap6,Sixth Circuit
https://flp.example.org/courts#bap8,Eighth Circuit
https://flp.example.org/courts#bap9,Ninth Circuit
https://flp.example.org/courts#bap10,Tenth Circuit
